Date,SumOftotal carcasses
01-Oct-03,64
02-Oct-03,
03-Oct-03,
04-Oct-03,
05-Oct-03,
06-Oct-03,135
07-Oct-03,
08-Oct-03,
09-Oct-03,
10-Oct-03,
11-Oct-03,
12-Oct-03,
13-Oct-03,
14-Oct-03,213
15-Oct-03,162
16-Oct-03,
17-Oct-03,
18-Oct-03,
19-Oct-03,
20-Oct-03,271
21-Oct-03,226
22-Oct-03,
23-Oct-03,
24-Oct-03,
25-Oct-03,
26-Oct-03,
27-Oct-03,305
28-Oct-03,248
29-Oct-03,
30-Oct-03,
31-Oct-03,
01-Nov-03,
02-Nov-03,
03-Nov-03,431
04-Nov-03,255
05-Nov-03,
06-Nov-03,
07-Nov-03,
08-Nov-03,
09-Nov-03,
10-Nov-03,248
11-Nov-03,166
12-Nov-03,
13-Nov-03,
14-Nov-03,
15-Nov-03,
16-Nov-03,
17-Nov-03,150
18-Nov-03,222
19-Nov-03,
20-Nov-03,
21-Nov-03,
22-Nov-03,
23-Nov-03,
24-Nov-03,210
25-Nov-03,184
26-Nov-03,
27-Nov-03,
28-Nov-03,
29-Nov-03,
30-Nov-03,
01-Dec-03,82
02-Dec-03,159
03-Dec-03,
04-Dec-03,
05-Dec-03,
06-Dec-03,
07-Dec-03,
08-Dec-03,81
09-Dec-03,
10-Dec-03,
11-Dec-03,
12-Dec-03,
13-Dec-03,
14-Dec-03,
15-Dec-03,103
16-Dec-03,
17-Dec-03,
18-Dec-03,
19-Dec-03,
20-Dec-03,
21-Dec-03,
22-Dec-03,25
23-Dec-03,38
24-Dec-03,
25-Dec-03,
26-Dec-03,
27-Dec-03,
28-Dec-03,
29-Dec-03,
30-Dec-03,0
31-Dec-03,38
Date,SumOftotal carcasses
16-Sep-04,5
17-Sep-04,
18-Sep-04,
19-Sep-04,
20-Sep-04,
21-Sep-04,8
22-Sep-04,
23-Sep-04,
24-Sep-04,
25-Sep-04,
26-Sep-04,
27-Sep-04,
28-Sep-04,
29-Sep-04,
30-Sep-04,33
01-Oct-04,
02-Oct-04,
03-Oct-04,
04-Oct-04,
05-Oct-04,
06-Oct-04,75
07-Oct-04,
08-Oct-04,
09-Oct-04,
10-Oct-04,
11-Oct-04,
12-Oct-04,83
13-Oct-04,62
14-Oct-04,
15-Oct-04,
16-Oct-04,
17-Oct-04,
18-Oct-04,
19-Oct-04,76
20-Oct-04,31
21-Oct-04,
22-Oct-04,
23-Oct-04,
24-Oct-04,
25-Oct-04,
26-Oct-04,132
27-Oct-04,334
28-Oct-04,
29-Oct-04,
30-Oct-04,
31-Oct-04,
01-Nov-04,
02-Nov-04,180
03-Nov-04,258
04-Nov-04,
05-Nov-04,
06-Nov-04,
07-Nov-04,
08-Nov-04,181
09-Nov-04,
10-Nov-04,220
11-Nov-04,
12-Nov-04,
13-Nov-04,
14-Nov-04,
15-Nov-04,
16-Nov-04,200
17-Nov-04,189
18-Nov-04,
19-Nov-04,
20-Nov-04,
21-Nov-04,
22-Nov-04,82
23-Nov-04,178
24-Nov-04,
25-Nov-04,
26-Nov-04,
27-Nov-04,
28-Nov-04,
29-Nov-04,
30-Nov-04,173
01-Dec-04,188
02-Dec-04,
03-Dec-04,
04-Dec-04,
05-Dec-04,
06-Dec-04,
07-Dec-04,82
08-Dec-04,29
09-Dec-04,
10-Dec-04,
11-Dec-04,
12-Dec-04,
13-Dec-04,
14-Dec-04,36
15-Dec-04,135
16-Dec-04,
17-Dec-04,
18-Dec-04,
19-Dec-04,
20-Dec-04,
21-Dec-04,41
22-Dec-04,46
23-Dec-04,
24-Dec-04,
25-Dec-04,
26-Dec-04,
27-Dec-04,
28-Dec-04,
29-Dec-04,
30-Dec-04,
31-Dec-04,
Date,SumOfTotal Fish
20-Sep-05,2
21-Sep-05,0
22-Sep-05,
23-Sep-05,
24-Sep-05,
25-Sep-05,
26-Sep-05,
27-Sep-05,6
28-Sep-05,1
29-Sep-05,
30-Sep-05,
01-Oct-05,
02-Oct-05,
03-Oct-05,
04-Oct-05,
05-Oct-05,43
06-Oct-05,2
07-Oct-05,
08-Oct-05,
09-Oct-05,
10-Oct-05,
11-Oct-05,
12-Oct-05,120
13-Oct-05,
14-Oct-05,
15-Oct-05,
16-Oct-05,
17-Oct-05,
18-Oct-05,230
19-Oct-05,116
20-Oct-05,
21-Oct-05,
22-Oct-05,
23-Oct-05,
24-Oct-05,
25-Oct-05,128
26-Oct-05,204
27-Oct-05,296
28-Oct-05,
29-Oct-05,
30-Oct-05,
31-Oct-05,
01-Nov-05,377
02-Nov-05,402
03-Nov-05,
04-Nov-05,
05-Nov-05,
06-Nov-05,
07-Nov-05,
08-Nov-05,179
09-Nov-05,253
10-Nov-05,
11-Nov-05,
12-Nov-05,
13-Nov-05,
14-Nov-05,
15-Nov-05,323
16-Nov-05,590
17-Nov-05,
18-Nov-05,
19-Nov-05,
20-Nov-05,
21-Nov-05,
22-Nov-05,529
23-Nov-05,
24-Nov-05,
25-Nov-05,
26-Nov-05,
27-Nov-05,
28-Nov-05,
29-Nov-05,242
30-Nov-05,511
01-Dec-05,
02-Dec-05,
03-Dec-05,
04-Dec-05,
05-Dec-05,
06-Dec-05,281
07-Dec-05,451
08-Dec-05,
09-Dec-05,
10-Dec-05,
11-Dec-05,
12-Dec-05,
13-Dec-05,184
14-Dec-05,502
15-Dec-05,
16-Dec-05,
17-Dec-05,
18-Dec-05,
19-Dec-05,
20-Dec-05,17
21-Dec-05,67
22-Dec-05,
23-Dec-05,
24-Dec-05,
25-Dec-05,
26-Dec-05,
27-Dec-05,32
28-Dec-05,1
29-Dec-05,0
30-Dec-05,
31-Dec-05,
Date,SumOfTotal Fish
13-Sep-06,4
14-Sep-06,0
15-Sep-06,
16-Sep-06,
17-Sep-06,
18-Sep-06,
19-Sep-06,7
20-Sep-06,1
21-Sep-06,
22-Sep-06,
23-Sep-06,
24-Sep-06,
25-Sep-06,
26-Sep-06,38
27-Sep-06,39
28-Sep-06,
29-Sep-06,
30-Sep-06,
01-Oct-06,
02-Oct-06,
03-Oct-06,72
04-Oct-06,
05-Oct-06,52
06-Oct-06,
07-Oct-06,
08-Oct-06,
09-Oct-06,
10-Oct-06,126
11-Oct-06,
12-Oct-06,142
13-Oct-06,
14-Oct-06,
15-Oct-06,
16-Oct-06,
17-Oct-06,258
18-Oct-06,196
19-Oct-06,
20-Oct-06,
21-Oct-06,
22-Oct-06,
23-Oct-06,
24-Oct-06,269
25-Oct-06,392
26-Oct-06,
27-Oct-06,
28-Oct-06,
29-Oct-06,
30-Oct-06,
31-Oct-06,353
01-Nov-06,277
02-Nov-06,
03-Nov-06,
04-Nov-06,
05-Nov-06,
06-Nov-06,
07-Nov-06,412
08-Nov-06,256
09-Nov-06,
10-Nov-06,
11-Nov-06,
12-Nov-06,
13-Nov-06,
14-Nov-06,296
15-Nov-06,202
16-Nov-06,
17-Nov-06,
18-Nov-06,
19-Nov-06,
20-Nov-06,209
21-Nov-06,219
22-Nov-06,
23-Nov-06,
24-Nov-06,
25-Nov-06,
26-Nov-06,
27-Nov-06,
28-Nov-06,168
29-Nov-06,295
30-Nov-06,
01-Dec-06,
02-Dec-06,
03-Dec-06,
04-Dec-06,
05-Dec-06,261
06-Dec-06,307
07-Dec-06,
08-Dec-06,
09-Dec-06,
10-Dec-06,
11-Dec-06,
12-Dec-06,157
13-Dec-06,214
14-Dec-06,118
15-Dec-06,
16-Dec-06,
17-Dec-06,
18-Dec-06,
19-Dec-06,200
20-Dec-06,415
21-Dec-06,146
22-Dec-06,
23-Dec-06,
24-Dec-06,
25-Dec-06,
26-Dec-06,79
27-Dec-06,96
28-Dec-06,29
29-Dec-06,
30-Dec-06,
31-Dec-06,
01-Jan-07,
02-Jan-07,99
03-Jan-07,141
04-Jan-07,22
05-Jan-07,
06-Jan-07,
07-Jan-07,
08-Jan-07,
09-Jan-07,27
10-Jan-07,48
11-Jan-07,3
12-Jan-07,
13-Jan-07,
14-Jan-07,
15-Jan-07,
16-Jan-07,12
17-Jan-07,31
18-Jan-07,3
19-Jan-07,
Date,SumOfTotal Fish
24-Sep-07,17
25-Sep-07,8
26-Sep-07,6
27-Sep-07,
28-Sep-07,
29-Sep-07,
30-Sep-07,
01-Oct-07,
02-Oct-07,45
03-Oct-07,40
04-Oct-07,
05-Oct-07,
06-Oct-07,
07-Oct-07,
08-Oct-07,
09-Oct-07,93
10-Oct-07,107
11-Oct-07,
12-Oct-07,
13-Oct-07,
14-Oct-07,
15-Oct-07,
16-Oct-07,102
17-Oct-07,159
18-Oct-07,
19-Oct-07,
20-Oct-07,
21-Oct-07,
22-Oct-07,
23-Oct-07,243
24-Oct-07,172
25-Oct-07,
26-Oct-07,
27-Oct-07,
28-Oct-07,
29-Oct-07,
30-Oct-07,136
31-Oct-07,190
01-Nov-07,17
02-Nov-07,
03-Nov-07,
04-Nov-07,
05-Nov-07,
06-Nov-07,170
07-Nov-07,97
08-Nov-07,34
09-Nov-07,
10-Nov-07,
11-Nov-07,
12-Nov-07,
13-Nov-07,56
14-Nov-07,128
15-Nov-07,26
16-Nov-07,
17-Nov-07,
18-Nov-07,
19-Nov-07,58
20-Nov-07,65
21-Nov-07,
22-Nov-07,
23-Nov-07,
24-Nov-07,
25-Nov-07,
26-Nov-07,
27-Nov-07,78
28-Nov-07,25
29-Nov-07,
30-Nov-07,
01-Dec-07,
02-Dec-07,
03-Dec-07,
04-Dec-07,61
05-Dec-07,18
06-Dec-07,
07-Dec-07,
08-Dec-07,
09-Dec-07,
10-Dec-07,
11-Dec-07,34
12-Dec-07,51
13-Dec-07,
14-Dec-07,
15-Dec-07,
16-Dec-07,
17-Dec-07,
18-Dec-07,
19-Dec-07,19
20-Dec-07,2
21-Dec-07,
22-Dec-07,
23-Dec-07,
24-Dec-07,
25-Dec-07,
26-Dec-07,
27-Dec-07,8
28-Dec-07,22
29-Dec-07,
30-Dec-07,
31-Dec-07,
01-Jan-08,
02-Jan-08,3
03-Jan-08,1
04-Jan-08,
05-Jan-08,
06-Jan-08,
Date,SumOfTotal Fish
01-Sep-08,
02-Sep-08,
03-Sep-08,
04-Sep-08,
05-Sep-08,
06-Sep-08,
07-Sep-08,
08-Sep-08,
09-Sep-08,
10-Sep-08,
11-Sep-08,1
12-Sep-08,0
13-Sep-08,
14-Sep-08,
15-Sep-08,
16-Sep-08,
17-Sep-08,3
18-Sep-08,3
19-Sep-08,
20-Sep-08,
21-Sep-08,
22-Sep-08,
23-Sep-08,5
24-Sep-08,
25-Sep-08,3
26-Sep-08,
27-Sep-08,
28-Sep-08,
29-Sep-08,
30-Sep-08,20
01-Oct-08,
02-Oct-08,16
03-Oct-08,
04-Oct-08,
05-Oct-08,
06-Oct-08,
07-Oct-08,78
08-Oct-08,4
09-Oct-08,
10-Oct-08,
11-Oct-08,
12-Oct-08,
13-Oct-08,
14-Oct-08,154
15-Oct-08,31
16-Oct-08,
17-Oct-08,
18-Oct-08,
19-Oct-08,
20-Oct-08,
21-Oct-08,137
22-Oct-08,103
23-Oct-08,
24-Oct-08,
25-Oct-08,
26-Oct-08,
27-Oct-08,
28-Oct-08,206
29-Oct-08,106
30-Oct-08,
31-Oct-08,
01-Nov-08,
02-Nov-08,
03-Nov-08,
04-Nov-08,174
05-Nov-08,66
06-Nov-08,
07-Nov-08,
08-Nov-08,
09-Nov-08,
10-Nov-08,76
11-Nov-08,
12-Nov-08,65
13-Nov-08,
14-Nov-08,
15-Nov-08,
16-Nov-08,
17-Nov-08,
18-Nov-08,67
19-Nov-08,34
20-Nov-08,
21-Nov-08,
22-Nov-08,
23-Nov-08,
24-Nov-08,
25-Nov-08,75
26-Nov-08,
27-Nov-08,
28-Nov-08,
29-Nov-08,
30-Nov-08,
01-Dec-08,
02-Dec-08,
03-Dec-08,29
04-Dec-08,8
05-Dec-08,
06-Dec-08,
07-Dec-08,
08-Dec-08,
09-Dec-08,17
10-Dec-08,11
11-Dec-08,
12-Dec-08,
13-Dec-08,
14-Dec-08,
15-Dec-08,
16-Dec-08,7
17-Dec-08,4
18-Dec-08,
19-Dec-08,
20-Dec-08,
21-Dec-08,
22-Dec-08,4
23-Dec-08,6
24-Dec-08,
25-Dec-08,
26-Dec-08,
27-Dec-08,
28-Dec-08,
29-Dec-08,
30-Dec-08,
31-Dec-08,
Date,SumOfTotal Fish
01-Sep-09,
02-Sep-09,
03-Sep-09,
04-Sep-09,
05-Sep-09,
06-Sep-09,
07-Sep-09,
08-Sep-09,
09-Sep-09,
10-Sep-09,
11-Sep-09,
12-Sep-09,
13-Sep-09,
14-Sep-09,
15-Sep-09,0
16-Sep-09,0
17-Sep-09,
18-Sep-09,
19-Sep-09,
20-Sep-09,
21-Sep-09,
22-Sep-09,1
23-Sep-09,0
24-Sep-09,
25-Sep-09,
26-Sep-09,
27-Sep-09,
28-Sep-09,5
29-Sep-09,11
30-Sep-09,1
01-Oct-09,
02-Oct-09,
03-Oct-09,
04-Oct-09,
05-Oct-09,
06-Oct-09,8
07-Oct-09,29
08-Oct-09,24
09-Oct-09,
10-Oct-09,
11-Oct-09,
12-Oct-09,
13-Oct-09,13
14-Oct-09,44
15-Oct-09,3
16-Oct-09,
17-Oct-09,
18-Oct-09,
19-Oct-09,
20-Oct-09,10
21-Oct-09,59
22-Oct-09,9
23-Oct-09,
24-Oct-09,
25-Oct-09,
26-Oct-09,
27-Oct-09,34
28-Oct-09,88
29-Oct-09,40
30-Oct-09,
31-Oct-09,
01-Nov-09,
02-Nov-09,
03-Nov-09,23
04-Nov-09,33
05-Nov-09,73
06-Nov-09,
07-Nov-09,
08-Nov-09,
09-Nov-09,
10-Nov-09,31
11-Nov-09,
12-Nov-09,51
13-Nov-09,
14-Nov-09,
15-Nov-09,
16-Nov-09,
17-Nov-09,5
18-Nov-09,8
19-Nov-09,21
20-Nov-09,
21-Nov-09,
22-Nov-09,
23-Nov-09,5
24-Nov-09,7
25-Nov-09,16
26-Nov-09,
27-Nov-09,
28-Nov-09,
29-Nov-09,
30-Nov-09,
01-Dec-09,2
02-Dec-09,8
03-Dec-09,29
04-Dec-09,
05-Dec-09,
06-Dec-09,
07-Dec-09,7
08-Dec-09,10
09-Dec-09,
10-Dec-09,37
11-Dec-09,
12-Dec-09,
13-Dec-09,
14-Dec-09,
15-Dec-09,12
16-Dec-09,16
17-Dec-09,33
18-Dec-09,
19-Dec-09,
20-Dec-09,
21-Dec-09,
22-Dec-09,2
23-Dec-09,8
24-Dec-09,
25-Dec-09,
26-Dec-09,1
27-Dec-09,
28-Dec-09,
29-Dec-09,1
30-Dec-09,0
31-Dec-09,10
Date,SumOfTotal Fish
14-Sep-10,0
15-Sep-10,1
16-Sep-10,0
17-Sep-10,
18-Sep-10,
19-Sep-10,
20-Sep-10,
21-Sep-10,0
22-Sep-10,1
23-Sep-10,0
24-Sep-10,
25-Sep-10,
26-Sep-10,
27-Sep-10,
28-Sep-10,1
29-Sep-10,11
30-Sep-10,6
01-Oct-10,
02-Oct-10,
03-Oct-10,
04-Oct-10,
05-Oct-10,2
06-Oct-10,35
07-Oct-10,11
08-Oct-10,
09-Oct-10,
10-Oct-10,
11-Oct-10,
12-Oct-10,7
13-Oct-10,75
14-Oct-10,14
15-Oct-10,
16-Oct-10,
17-Oct-10,
18-Oct-10,
19-Oct-10,29
20-Oct-10,91
21-Oct-10,9
22-Oct-10,
23-Oct-10,
24-Oct-10,
25-Oct-10,
26-Oct-10,24
27-Oct-10,62
28-Oct-10,107
29-Oct-10,
30-Oct-10,
31-Oct-10,
01-Nov-10,
02-Nov-10,108
03-Nov-10,115
04-Nov-10,95
05-Nov-10,
06-Nov-10,
07-Nov-10,
08-Nov-10,
09-Nov-10,18
10-Nov-10,106
11-Nov-10,15
12-Nov-10,
13-Nov-10,
14-Nov-10,
15-Nov-10,
16-Nov-10,13
17-Nov-10,132
18-Nov-10,47
19-Nov-10,
20-Nov-10,
21-Nov-10,
22-Nov-10,11
23-Nov-10,72
24-Nov-10,32
25-Nov-10,
26-Nov-10,
27-Nov-10,
28-Nov-10,
29-Nov-10,
30-Nov-10,17
01-Dec-10,71
02-Dec-10,55
03-Dec-10,
04-Dec-10,
05-Dec-10,
06-Dec-10,
07-Dec-10,25
08-Dec-10,23
09-Dec-10,3
10-Dec-10,
11-Dec-10,
12-Dec-10,
13-Dec-10,
14-Dec-10,0
15-Dec-10,59
16-Dec-10,2
17-Dec-10,
18-Dec-10,
19-Dec-10,
20-Dec-10,
21-Dec-10,2
22-Dec-10,11
23-Dec-10,4
24-Dec-10,
25-Dec-10,
26-Dec-10,
27-Dec-10,0
28-Dec-10,0
29-Dec-10,1
30-Dec-10,0
31-Dec-10,
Date,SumOfSumOfTOTAL
19-Sep-11,
20-Sep-11,0
21-Sep-11,0
22-Sep-11,1
23-Sep-11,
24-Sep-11,
25-Sep-11,
26-Sep-11,
27-Sep-11,0
28-Sep-11,1
29-Sep-11,1
30-Sep-11,
01-Oct-11,
02-Oct-11,
03-Oct-11,
04-Oct-11,3
05-Oct-11,10
06-Oct-11,1
07-Oct-11,
08-Oct-11,
09-Oct-11,
10-Oct-11,3
11-Oct-11,
12-Oct-11,27
13-Oct-11,0
14-Oct-11,
15-Oct-11,
16-Oct-11,
17-Oct-11,
18-Oct-11,31
19-Oct-11,57
20-Oct-11,14
21-Oct-11,
22-Oct-11,
23-Oct-11,
24-Oct-11,
25-Oct-11,4
26-Oct-11,72
27-Oct-11,82
28-Oct-11,
29-Oct-11,
30-Oct-11,
31-Oct-11,
01-Nov-11,56
02-Nov-11,79
03-Nov-11,29
04-Nov-11,
05-Nov-11,
06-Nov-11,
07-Nov-11,
08-Nov-11,27
09-Nov-11,92
10-Nov-11,120
11-Nov-11,
12-Nov-11,
13-Nov-11,
14-Nov-11,
15-Nov-11,98
16-Nov-11,53
17-Nov-11,103
18-Nov-11,
19-Nov-11,
20-Nov-11,
21-Nov-11,25
22-Nov-11,88
23-Nov-11,29
24-Nov-11,
25-Nov-11,
26-Nov-11,
27-Nov-11,
28-Nov-11,
29-Nov-11,13
30-Nov-11,45
01-Dec-11,63
02-Dec-11,
03-Dec-11,
04-Dec-11,
05-Dec-11,
06-Dec-11,8
07-Dec-11,22
08-Dec-11,96
09-Dec-11,
10-Dec-11,
11-Dec-11,
12-Dec-11,
13-Dec-11,12
14-Dec-11,29
15-Dec-11,50
16-Dec-11,
17-Dec-11,
18-Dec-11,
19-Dec-11,
20-Dec-11,6
21-Dec-11,17
22-Dec-11,17
23-Dec-11,
24-Dec-11,
25-Dec-11,
26-Dec-11,
27-Dec-11,0
28-Dec-11,2
29-Dec-11,4
30-Dec-11,
31-Dec-11,
Date,SumOfSumOfTOTAL
24-Sep-12,
25-Sep-12,0
26-Sep-12,0
27-Sep-12,1
28-Sep-12,
29-Sep-12,
30-Sep-12,
01-Oct-12,
02-Oct-12,0
03-Oct-12,14
04-Oct-12,23
05-Oct-12,
06-Oct-12,
07-Oct-12,
08-Oct-12,
09-Oct-12,2
10-Oct-12,72
11-Oct-12,60
12-Oct-12,
13-Oct-12,
14-Oct-12,
15-Oct-12,
16-Oct-12,22
17-Oct-12,144
18-Oct-12,165
19-Oct-12,
20-Oct-12,
21-Oct-12,
22-Oct-12,
23-Oct-12,65
24-Oct-12,482
25-Oct-12,375
26-Oct-12,
27-Oct-12,
28-Oct-12,
29-Oct-12,
30-Oct-12,214
31-Oct-12,340
01-Nov-12,523
02-Nov-12,361
03-Nov-12,
04-Nov-12,
05-Nov-12,85
06-Nov-12,244
07-Nov-12,393
08-Nov-12,190
09-Nov-12,
10-Nov-12,
11-Nov-12,
12-Nov-12,
13-Nov-12,103
14-Nov-12,277
15-Nov-12,132
16-Nov-12,
17-Nov-12,
18-Nov-12,
19-Nov-12,53
20-Nov-12,61
21-Nov-12,11
22-Nov-12,
23-Nov-12,
24-Nov-12,
25-Nov-12,
26-Nov-12,
27-Nov-12,64
28-Nov-12,
29-Nov-12,62
30-Nov-12,6
01-Dec-12,
02-Dec-12,
03-Dec-12,
04-Dec-12,11
05-Dec-12,
06-Dec-12,5
07-Dec-12,
08-Dec-12,
09-Dec-12,
10-Dec-12,
11-Dec-12,14
12-Dec-12,3
13-Dec-12,
14-Dec-12,
15-Dec-12,
16-Dec-12,
17-Dec-12,1
18-Dec-12,3
19-Dec-12,17
20-Dec-12,
21-Dec-12,
22-Dec-12,
23-Dec-12,
24-Dec-12,0
25-Dec-12,
26-Dec-12,2
27-Dec-12,1
28-Dec-12,
29-Dec-12,
30-Dec-12,
31-Dec-12,0
01-Jan-13,
02-Jan-13,2
03-Jan-13,1
04-Jan-13,
05-Jan-13,
06-Jan-13,
Date,SumOfSumOfTOTAL
09-Sep-13,
10-Sep-13,1
11-Sep-13,3
12-Sep-13,7
13-Sep-13,
14-Sep-13,
15-Sep-13,
16-Sep-13,
17-Sep-13,0
18-Sep-13,6
19-Sep-13,11
20-Sep-13,
21-Sep-13,
22-Sep-13,
23-Sep-13,
24-Sep-13,6
25-Sep-13,24
26-Sep-13,44
27-Sep-13,
28-Sep-13,
29-Sep-13,
30-Sep-13,
01-Oct-13,10
02-Oct-13,137
03-Oct-13,155
04-Oct-13,
05-Oct-13,
06-Oct-13,
07-Oct-13,
08-Oct-13,148
09-Oct-13,156
10-Oct-13,251
11-Oct-13,
12-Oct-13,
13-Oct-13,
14-Oct-13,
15-Oct-13,102
16-Oct-13,249
17-Oct-13,429
18-Oct-13,58
19-Oct-13,
20-Oct-13,
21-Oct-13,
22-Oct-13,310
23-Oct-13,372
24-Oct-13,411
25-Oct-13,63
26-Oct-13,
27-Oct-13,
28-Oct-13,
29-Oct-13,339
30-Oct-13,368
31-Oct-13,212
01-Nov-13,50
02-Nov-13,
03-Nov-13,
04-Nov-13,
05-Nov-13,210
06-Nov-13,320
07-Nov-13,132
08-Nov-13,
09-Nov-13,
10-Nov-13,
11-Nov-13,
12-Nov-13,
13-Nov-13,278
14-Nov-13,170
15-Nov-13,40
16-Nov-13,
17-Nov-13,
18-Nov-13,
19-Nov-13,139
20-Nov-13,121
21-Nov-13,
22-Nov-13,
23-Nov-13,
24-Nov-13,
25-Nov-13,66
26-Nov-13,114
27-Nov-13,
28-Nov-13,
29-Nov-13,
30-Nov-13,
01-Dec-13,
02-Dec-13,
03-Dec-13,58
04-Dec-13,90
05-Dec-13,
06-Dec-13,
07-Dec-13,
08-Dec-13,
09-Dec-13,
10-Dec-13,
11-Dec-13,56
12-Dec-13,103
13-Dec-13,
14-Dec-13,
15-Dec-13,
16-Dec-13,
17-Dec-13,
18-Dec-13,30
19-Dec-13,108
20-Dec-13,
21-Dec-13,
22-Dec-13,
23-Dec-13,
24-Dec-13,
25-Dec-13,
26-Dec-13,9
27-Dec-13,5
28-Dec-13,
29-Dec-13,
30-Dec-13,
31-Dec-13,
Date,SumOfSumOfTOTAL
01-Sep-14,
02-Sep-14,0
03-Sep-14,0
04-Sep-14,1
05-Sep-14,
06-Sep-14,
07-Sep-14,
08-Sep-14,
09-Sep-14,1
10-Sep-14,0
11-Sep-14,0
12-Sep-14,
13-Sep-14,
14-Sep-14,
15-Sep-14,
16-Sep-14,0
17-Sep-14,1
18-Sep-14,0
19-Sep-14,
20-Sep-14,
21-Sep-14,
22-Sep-14,1
23-Sep-14,5
24-Sep-14,0
25-Sep-14,
26-Sep-14,
27-Sep-14,
28-Sep-14,
29-Sep-14,
30-Sep-14,8
01-Oct-14,19
02-Oct-14,20
03-Oct-14,
04-Oct-14,
05-Oct-14,
06-Oct-14,
07-Oct-14,40
08-Oct-14,32
09-Oct-14,
10-Oct-14,
11-Oct-14,
12-Oct-14,
13-Oct-14,
14-Oct-14,103
15-Oct-14,94
16-Oct-14,
17-Oct-14,
18-Oct-14,
19-Oct-14,
20-Oct-14,
21-Oct-14,132
22-Oct-14,222
23-Oct-14,139
24-Oct-14,18
25-Oct-14,
26-Oct-14,
27-Oct-14,
28-Oct-14,236
29-Oct-14,155
30-Oct-14,119
31-Oct-14,
01-Nov-14,
02-Nov-14,
03-Nov-14,
04-Nov-14,175
05-Nov-14,146
06-Nov-14,26
07-Nov-14,
08-Nov-14,
09-Nov-14,
10-Nov-14,71
11-Nov-14,
12-Nov-14,126
13-Nov-14,20
14-Nov-14,
15-Nov-14,
16-Nov-14,
17-Nov-14,
18-Nov-14,35
19-Nov-14,54
20-Nov-14,12
21-Nov-14,
22-Nov-14,
23-Nov-14,
24-Nov-14,45
25-Nov-14,10
26-Nov-14,
27-Nov-14,
28-Nov-14,
29-Nov-14,
30-Nov-14,
01-Dec-14,
02-Dec-14,47
03-Dec-14,30
04-Dec-14,
05-Dec-14,
06-Dec-14,
07-Dec-14,
08-Dec-14,28
09-Dec-14,
10-Dec-14,14
11-Dec-14,
12-Dec-14,
13-Dec-14,
14-Dec-14,
15-Dec-14,
16-Dec-14,20
17-Dec-14,4
18-Dec-14,
19-Dec-14,
20-Dec-14,
21-Dec-14,
22-Dec-14,0
23-Dec-14,3
24-Dec-14,
25-Dec-14,
26-Dec-14,
27-Dec-14,
28-Dec-14,
29-Dec-14,
30-Dec-14,
31-Dec-14,
Date,SumOfSumOfTOTAL
07-Sep-15,
08-Sep-15,0
09-Sep-15,0
10-Sep-15,0
11-Sep-15,
12-Sep-15,
13-Sep-15,
14-Sep-15,
15-Sep-15,0
16-Sep-15,0
17-Sep-15,0
18-Sep-15,
19-Sep-15,
20-Sep-15,
21-Sep-15,
22-Sep-15,0
23-Sep-15,4
24-Sep-15,0
25-Sep-15,
26-Sep-15,
27-Sep-15,
28-Sep-15,
29-Sep-15,1
30-Sep-15,21
01-Oct-15,2
02-Oct-15,
03-Oct-15,
04-Oct-15,
05-Oct-15,
06-Oct-15,4
07-Oct-15,30
08-Oct-15,7
09-Oct-15,
10-Oct-15,
11-Oct-15,
12-Oct-15,
13-Oct-15,13
14-Oct-15,22
15-Oct-15,97
16-Oct-15,8
17-Oct-15,
18-Oct-15,
19-Oct-15,
20-Oct-15,35
21-Oct-15,157
22-Oct-15,92
23-Oct-15,
24-Oct-15,
25-Oct-15,
26-Oct-15,
27-Oct-15,41
28-Oct-15,142
29-Oct-15,316
30-Oct-15,311
31-Oct-15,
01-Nov-15,
02-Nov-15,
03-Nov-15,247
04-Nov-15,297
05-Nov-15,216
06-Nov-15,107
07-Nov-15,
08-Nov-15,
09-Nov-15,47
10-Nov-15,207
11-Nov-15,
12-Nov-15,292
13-Nov-15,63
14-Nov-15,
15-Nov-15,
16-Nov-15,
17-Nov-15,98
18-Nov-15,210
19-Nov-15,57
20-Nov-15,
21-Nov-15,
22-Nov-15,
23-Nov-15,80
24-Nov-15,104
25-Nov-15,8
26-Nov-15,
27-Nov-15,
28-Nov-15,
29-Nov-15,
30-Nov-15,
01-Dec-15,33
02-Dec-15,26
03-Dec-15,
04-Dec-15,
05-Dec-15,
06-Dec-15,
07-Dec-15,
08-Dec-15,31
09-Dec-15,18
10-Dec-15,
11-Dec-15,
12-Dec-15,
13-Dec-15,
14-Dec-15,
15-Dec-15,
16-Dec-15,6
17-Dec-15,
18-Dec-15,7
19-Dec-15,
20-Dec-15,
21-Dec-15,
22-Dec-15,17
23-Dec-15,2
24-Dec-15,
25-Dec-15,
26-Dec-15,
27-Dec-15,
28-Dec-15,
29-Dec-15,5
30-Dec-15,7
31-Dec-15,
Date,SumOfSumOfTOTAL
05-Sep-16,
06-Sep-16,0
07-Sep-16,0
08-Sep-16,0
09-Sep-16,
10-Sep-16,
11-Sep-16,
12-Sep-16,0
13-Sep-16,0
14-Sep-16,0
15-Sep-16,
16-Sep-16,
17-Sep-16,
18-Sep-16,
19-Sep-16,0
20-Sep-16,0
21-Sep-16,0
22-Sep-16,
23-Sep-16,
24-Sep-16,
25-Sep-16,
26-Sep-16,0
27-Sep-16,0
28-Sep-16,
29-Sep-16,
30-Sep-16,
01-Oct-16,
02-Oct-16,
03-Oct-16,2
04-Oct-16,5
05-Oct-16,1
06-Oct-16,
07-Oct-16,
08-Oct-16,
09-Oct-16,
10-Oct-16,
11-Oct-16,6
12-Oct-16,14
13-Oct-16,
14-Oct-16,
15-Oct-16,
16-Oct-16,
17-Oct-16,
18-Oct-16,18
19-Oct-16,17
20-Oct-16,
21-Oct-16,
22-Oct-16,
23-Oct-16,
24-Oct-16,
25-Oct-16,37
26-Oct-16,53
27-Oct-16,
28-Oct-16,40
29-Oct-16,
30-Oct-16,
31-Oct-16,48
01-Nov-16,60
02-Nov-16,4
03-Nov-16,
04-Nov-16,
05-Nov-16,
06-Nov-16,
07-Nov-16,
08-Nov-16,65
09-Nov-16,59
10-Nov-16,7
11-Nov-16,
12-Nov-16,
13-Nov-16,
14-Nov-16,
15-Nov-16,30
16-Nov-16,53
17-Nov-16,10
18-Nov-16,
19-Nov-16,
20-Nov-16,
21-Nov-16,20
22-Nov-16,38
23-Nov-16,
24-Nov-16,
25-Nov-16,
26-Nov-16,
27-Nov-16,
28-Nov-16,13
29-Nov-16,58
30-Nov-16,
01-Dec-16,
02-Dec-16,
03-Dec-16,
04-Dec-16,
05-Dec-16,8
06-Dec-16,24
07-Dec-16,
08-Dec-16,
09-Dec-16,
10-Dec-16,
11-Dec-16,
12-Dec-16,5
13-Dec-16,80
14-Dec-16,
15-Dec-16,
16-Dec-16,
17-Dec-16,
18-Dec-16,
19-Dec-16,7
20-Dec-16,44
21-Dec-16,
22-Dec-16,
23-Dec-16,
24-Dec-16,
25-Dec-16,
26-Dec-16,
27-Dec-16,
28-Dec-16,27
29-Dec-16,5
30-Dec-16,
31-Dec-16,
01-Jan-17,
02-Jan-17,
03-Jan-17,0
04-Jan-17,2
05-Jan-17,0
06-Jan-17,
Date,SumOfSumOfTOTAL
18-Sep-17,0
19-Sep-17,1
20-Sep-17,0
21-Sep-17,
22-Sep-17,
23-Sep-17,
24-Sep-17,
25-Sep-17,
26-Sep-17,0
27-Sep-17,2
28-Sep-17,0
29-Sep-17,
30-Sep-17,
01-Oct-17,
02-Oct-17,
03-Oct-17,0
04-Oct-17,1
05-Oct-17,1
06-Oct-17,
07-Oct-17,
08-Oct-17,
09-Oct-17,
10-Oct-17,
11-Oct-17,1
12-Oct-17,0
13-Oct-17,0
14-Oct-17,
15-Oct-17,
16-Oct-17,0
17-Oct-17,13
18-Oct-17,
19-Oct-17,0
20-Oct-17,
21-Oct-17,
22-Oct-17,
23-Oct-17,
24-Oct-17,7
25-Oct-17,18
26-Oct-17,4
27-Oct-17,
28-Oct-17,
29-Oct-17,
30-Oct-17,
31-Oct-17,7
01-Nov-17,29
02-Nov-17,11
03-Nov-17,
04-Nov-17,
05-Nov-17,
06-Nov-17,
07-Nov-17,9
08-Nov-17,31
09-Nov-17,13
10-Nov-17,
11-Nov-17,
12-Nov-17,
13-Nov-17,
14-Nov-17,8
15-Nov-17,20
16-Nov-17,17
17-Nov-17,
18-Nov-17,
19-Nov-17,
20-Nov-17,6
21-Nov-17,23
22-Nov-17,11
23-Nov-17,
24-Nov-17,
25-Nov-17,
26-Nov-17,
27-Nov-17,
28-Nov-17,5
29-Nov-17,3
30-Nov-17,10
01-Dec-17,
02-Dec-17,
03-Dec-17,
04-Dec-17,
05-Dec-17,2
06-Dec-17,0
07-Dec-17,
08-Dec-17,12
09-Dec-17,
10-Dec-17,
11-Dec-17,
12-Dec-17,1
13-Dec-17,3
14-Dec-17,6
15-Dec-17,
16-Dec-17,
17-Dec-17,
18-Dec-17,1
19-Dec-17,
20-Dec-17,6
21-Dec-17,
22-Dec-17,4
23-Dec-17,
24-Dec-17,
25-Dec-17,
26-Dec-17,0
27-Dec-17,1
28-Dec-17,11
29-Dec-17,
30-Dec-17,
31-Dec-17,
01-Jan-18,
02-Jan-18,1
03-Jan-18,0
04-Jan-18,5
05-Jan-18,
06-Jan-18,
Date,SumOfSumOfTOTAL
17-Sep-18,0
18-Sep-18,0
19-Sep-18,0
20-Sep-18,
21-Sep-18,
22-Sep-18,
23-Sep-18,
24-Sep-18,1
25-Sep-18,0
26-Sep-18,0
27-Sep-18,
28-Sep-18,
29-Sep-18,
30-Sep-18,
01-Oct-18,1
02-Oct-18,0
03-Oct-18,1
04-Oct-18,
05-Oct-18,
06-Oct-18,
07-Oct-18,
08-Oct-18,
09-Oct-18,4
10-Oct-18,14
11-Oct-18,6
12-Oct-18,
13-Oct-18,
14-Oct-18,
15-Oct-18,
16-Oct-18,27
17-Oct-18,80
18-Oct-18,83
19-Oct-18,14
20-Oct-18,
21-Oct-18,
22-Oct-18,
23-Oct-18,70
24-Oct-18,173
25-Oct-18,182
26-Oct-18,69
27-Oct-18,
28-Oct-18,
29-Oct-18,
30-Oct-18,66
31-Oct-18,223
01-Nov-18,112
02-Nov-18,29
03-Nov-18,
04-Nov-18,
05-Nov-18,
06-Nov-18,70
07-Nov-18,158
08-Nov-18,115
09-Nov-18,53
10-Nov-18,
11-Nov-18,
12-Nov-18,
13-Nov-18,74
14-Nov-18,131
15-Nov-18,111
16-Nov-18,
17-Nov-18,
18-Nov-18,
19-Nov-18,47
20-Nov-18,140
21-Nov-18,
22-Nov-18,
23-Nov-18,
24-Nov-18,
25-Nov-18,
26-Nov-18,16
27-Nov-18,44
28-Nov-18,19
29-Nov-18,
30-Nov-18,
01-Dec-18,
02-Dec-18,
03-Dec-18,2
04-Dec-18,17
05-Dec-18,11
06-Dec-18,
07-Dec-18,
08-Dec-18,
09-Dec-18,
10-Dec-18,1
11-Dec-18,5
12-Dec-18,15
13-Dec-18,
14-Dec-18,
15-Dec-18,
16-Dec-18,
17-Dec-18,
18-Dec-18,2
19-Dec-18,21
20-Dec-18,8
21-Dec-18,
22-Dec-18,
23-Dec-18,
24-Dec-18,
25-Dec-18,
26-Dec-18,0
27-Dec-18,5
28-Dec-18,6
29-Dec-18,
30-Dec-18,
31-Dec-18,
Date,SumOfSumOfTOTAL
16-Sep-19,
17-Sep-19,2
18-Sep-19,3
19-Sep-19,4
20-Sep-19,
21-Sep-19,
22-Sep-19,
23-Sep-19,
24-Sep-19,0
25-Sep-19,7
26-Sep-19,32
27-Sep-19,
28-Sep-19,
29-Sep-19,
30-Sep-19,1
01-Oct-19,23
02-Oct-19,
03-Oct-19,44
04-Oct-19,
05-Oct-19,
06-Oct-19,
07-Oct-19,
08-Oct-19,5
09-Oct-19,24
10-Oct-19,35
11-Oct-19,
12-Oct-19,
13-Oct-19,
14-Oct-19,
15-Oct-19,13
16-Oct-19,101
17-Oct-19,93
18-Oct-19,
19-Oct-19,
20-Oct-19,
21-Oct-19,
22-Oct-19,49
23-Oct-19,116
24-Oct-19,189
25-Oct-19,24
26-Oct-19,
27-Oct-19,
28-Oct-19,
29-Oct-19,93
30-Oct-19,312
31-Oct-19,215
01-Nov-19,
02-Nov-19,
03-Nov-19,
04-Nov-19,
05-Nov-19,121
06-Nov-19,244
07-Nov-19,279
08-Nov-19,
09-Nov-19,
10-Nov-19,
11-Nov-19,
12-Nov-19,106
13-Nov-19,291
14-Nov-19,46
15-Nov-19,
16-Nov-19,
17-Nov-19,
18-Nov-19,
19-Nov-19,109
20-Nov-19,113
21-Nov-19,139
22-Nov-19,
23-Nov-19,
24-Nov-19,
25-Nov-19,120
26-Nov-19,134
27-Nov-19,25
28-Nov-19,
29-Nov-19,
30-Nov-19,
01-Dec-19,
02-Dec-19,
03-Dec-19,29
04-Dec-19,86
05-Dec-19,141
06-Dec-19,
07-Dec-19,
08-Dec-19,
09-Dec-19,3
10-Dec-19,
11-Dec-19,1
12-Dec-19,25
13-Dec-19,
14-Dec-19,
15-Dec-19,
16-Dec-19,9
17-Dec-19,44
18-Dec-19,46
19-Dec-19,
20-Dec-19,
21-Dec-19,
22-Dec-19,
23-Dec-19,5
24-Dec-19,7
25-Dec-19,
26-Dec-19,
27-Dec-19,
28-Dec-19,
29-Dec-19,
30-Dec-19,
31-Dec-19,
Date,SumOfSumOfTOTAL
14-Sep-20,
15-Sep-20,
16-Sep-20,0
17-Sep-20,0
18-Sep-20,
19-Sep-20,
20-Sep-20,
21-Sep-20,
22-Sep-20,0
23-Sep-20,7
24-Sep-20,5
25-Sep-20,
26-Sep-20,
27-Sep-20,
28-Sep-20,
29-Sep-20,17
30-Sep-20,
01-Oct-20,
02-Oct-20,28
03-Oct-20,
04-Oct-20,
05-Oct-20,
06-Oct-20,3
07-Oct-20,39
08-Oct-20,37
09-Oct-20,
10-Oct-20,
11-Oct-20,
12-Oct-20,
13-Oct-20,7
14-Oct-20,95
15-Oct-20,47
16-Oct-20,
17-Oct-20,
18-Oct-20,
19-Oct-20,
20-Oct-20,67
21-Oct-20,209
22-Oct-20,106
23-Oct-20,
24-Oct-20,
25-Oct-20,
26-Oct-20,
27-Oct-20,290
28-Oct-20,339
29-Oct-20,71
30-Oct-20,
31-Oct-20,
01-Nov-20,
02-Nov-20,102
03-Nov-20,263
04-Nov-20,339
05-Nov-20,95
06-Nov-20,
07-Nov-20,
08-Nov-20,
09-Nov-20,66
10-Nov-20,354
11-Nov-20,256
12-Nov-20,
13-Nov-20,
14-Nov-20,
15-Nov-20,
16-Nov-20,
17-Nov-20,116
18-Nov-20,131
19-Nov-20,99
20-Nov-20,
21-Nov-20,
22-Nov-20,
23-Nov-20,106
24-Nov-20,169
25-Nov-20,25
26-Nov-20,
27-Nov-20,
28-Nov-20,
29-Nov-20,
30-Nov-20,
01-Dec-20,18
02-Dec-20,65
03-Dec-20,80
04-Dec-20,
05-Dec-20,
06-Dec-20,
07-Dec-20,
08-Dec-20,9
09-Dec-20,25
10-Dec-20,51
11-Dec-20,
12-Dec-20,
13-Dec-20,
14-Dec-20,
15-Dec-20,4
16-Dec-20,74
17-Dec-20,9
18-Dec-20,
19-Dec-20,
20-Dec-20,
21-Dec-20,8
22-Dec-20,11
23-Dec-20,46
24-Dec-20,
25-Dec-20,
26-Dec-20,
27-Dec-20,
28-Dec-20,1
29-Dec-20,10
30-Dec-20,1
31-Dec-20,
Date,SumOfSumOfTOTAL
13-Sep-21,
14-Sep-21,0
15-Sep-21,2
16-Sep-21,1
17-Sep-21,
18-Sep-21,
19-Sep-21,
20-Sep-21,
21-Sep-21,4
22-Sep-21,9
23-Sep-21,8
24-Sep-21,
25-Sep-21,
26-Sep-21,
27-Sep-21,
28-Sep-21,21
29-Sep-21,68
30-Sep-21,30
01-Oct-21,
02-Oct-21,
03-Oct-21,
04-Oct-21,
05-Oct-21,34
06-Oct-21,68
07-Oct-21,60
08-Oct-21,
09-Oct-21,
10-Oct-21,
11-Oct-21,
12-Oct-21,14
13-Oct-21,120
14-Oct-21,72
15-Oct-21,
16-Oct-21,
17-Oct-21,
18-Oct-21,
19-Oct-21,105
20-Oct-21,191
21-Oct-21,93
22-Oct-21,
23-Oct-21,
24-Oct-21,
25-Oct-21,109
26-Oct-21,14
27-Oct-21,79
28-Oct-21,
29-Oct-21,
30-Oct-21,
31-Oct-21,
01-Nov-21,77
02-Nov-21,
03-Nov-21,168
04-Nov-21,76
05-Nov-21,
06-Nov-21,
07-Nov-21,
08-Nov-21,40
09-Nov-21,83
10-Nov-21,42
11-Nov-21,
12-Nov-21,
13-Nov-21,
14-Nov-21,
15-Nov-21,16
16-Nov-21,31
17-Nov-21,24
18-Nov-21,
19-Nov-21,
20-Nov-21,
21-Nov-21,
22-Nov-21,3
23-Nov-21,12
24-Nov-21,0
25-Nov-21,
26-Nov-21,
27-Nov-21,
28-Nov-21,
29-Nov-21,
30-Nov-21,0
01-Dec-21,14
02-Dec-21,3
03-Dec-21,
04-Dec-21,
05-Dec-21,
06-Dec-21,
07-Dec-21,0
08-Dec-21,9
09-Dec-21,1
10-Dec-21,
11-Dec-21,
12-Dec-21,
13-Dec-21,1
14-Dec-21,2
15-Dec-21,2
16-Dec-21,
17-Dec-21,
18-Dec-21,
19-Dec-21,
20-Dec-21,1
21-Dec-21,1
22-Dec-21,2
23-Dec-21,
24-Dec-21,
25-Dec-21,
26-Dec-21,
27-Dec-21,
28-Dec-21,
29-Dec-21,
30-Dec-21,
31-Dec-21,
Date,SumOfSumOfTOTAL
12-Sep-22,
13-Sep-22,1
14-Sep-22,0
15-Sep-22,0
16-Sep-22,
17-Sep-22,
18-Sep-22,
19-Sep-22,
20-Sep-22,5
21-Sep-22,6
22-Sep-22,21
23-Sep-22,
24-Sep-22,
25-Sep-22,
26-Sep-22,
27-Sep-22,9
28-Sep-22,17
29-Sep-22,29
30-Sep-22,
01-Oct-22,
02-Oct-22,
03-Oct-22,
04-Oct-22,9
05-Oct-22,16
06-Oct-22,33
07-Oct-22,
08-Oct-22,
09-Oct-22,
10-Oct-22,
11-Oct-22,6
12-Oct-22,12
13-Oct-22,24
14-Oct-22,
15-Oct-22,
16-Oct-22,
17-Oct-22,
18-Oct-22,7
19-Oct-22,15
20-Oct-22,24
21-Oct-22,
22-Oct-22,
23-Oct-22,
24-Oct-22,
25-Oct-22,18
26-Oct-22,60
27-Oct-22,38
28-Oct-22,
29-Oct-22,
30-Oct-22,
31-Oct-22,
01-Nov-22,22
02-Nov-22,64
03-Nov-22,48
04-Nov-22,
05-Nov-22,
06-Nov-22,
07-Nov-22,
08-Nov-22,24
09-Nov-22,79
10-Nov-22,30
11-Nov-22,
12-Nov-22,
13-Nov-22,
14-Nov-22,
15-Nov-22,13
16-Nov-22,28
17-Nov-22,30
18-Nov-22,
19-Nov-22,
20-Nov-22,
21-Nov-22,9
22-Nov-22,21
23-Nov-22,16
24-Nov-22,
25-Nov-22,
26-Nov-22,
27-Nov-22,
28-Nov-22,
29-Nov-22,4
30-Nov-22,9
01-Dec-22,8
02-Dec-22,
03-Dec-22,
04-Dec-22,
05-Dec-22,2
06-Dec-22,2
07-Dec-22,3
08-Dec-22,
09-Dec-22,
10-Dec-22,
11-Dec-22,
12-Dec-22,3
13-Dec-22,2
14-Dec-22,5
15-Dec-22,
16-Dec-22,
17-Dec-22,
18-Dec-22,
19-Dec-22,
20-Dec-22,0
21-Dec-22,0
22-Dec-22,1
23-Dec-22,
24-Dec-22,
25-Dec-22,
26-Dec-22,
27-Dec-22,
28-Dec-22,
29-Dec-22,
30-Dec-22,
31-Dec-22,
Date,SumOfSumOfTOTAL
11-Sep-23,0
12-Sep-23,0
13-Sep-23,0
14-Sep-23,
15-Sep-23,
16-Sep-23,
17-Sep-23,
18-Sep-23,0
19-Sep-23,
20-Sep-23,0
21-Sep-23,0
22-Sep-23,
23-Sep-23,
24-Sep-23,
25-Sep-23,
26-Sep-23,0
27-Sep-23,0
28-Sep-23,0
29-Sep-23,
30-Sep-23,
01-Oct-23,
02-Oct-23,0
03-Oct-23,0
04-Oct-23,1
05-Oct-23,
06-Oct-23,
07-Oct-23,
08-Oct-23,
09-Oct-23,
10-Oct-23,0
11-Oct-23,0
12-Oct-23,1
13-Oct-23,
14-Oct-23,
15-Oct-23,
16-Oct-23,
17-Oct-23,2
18-Oct-23,3
19-Oct-23,3
20-Oct-23,
21-Oct-23,
22-Oct-23,
23-Oct-23,3
24-Oct-23,12
25-Oct-23,
26-Oct-23,20
27-Oct-23,
28-Oct-23,
29-Oct-23,
30-Oct-23,
31-Oct-23,1
01-Nov-23,8
02-Nov-23,18
03-Nov-23,
04-Nov-23,
05-Nov-23,
06-Nov-23,
07-Nov-23,8
08-Nov-23,9
09-Nov-23,29
10-Nov-23,
11-Nov-23,
12-Nov-23,
13-Nov-23,
14-Nov-23,2
15-Nov-23,6
16-Nov-23,18
17-Nov-23,
18-Nov-23,
19-Nov-23,
20-Nov-23,2
21-Nov-23,7
22-Nov-23,32
23-Nov-23,
24-Nov-23,
25-Nov-23,
26-Nov-23,
27-Nov-23,
28-Nov-23,1
29-Nov-23,3
30-Nov-23,15
01-Dec-23,
02-Dec-23,
03-Dec-23,
04-Dec-23,
05-Dec-23,0
06-Dec-23,3
07-Dec-23,16
08-Dec-23,
09-Dec-23,
10-Dec-23,
11-Dec-23,
12-Dec-23,0
13-Dec-23,2
14-Dec-23,13
15-Dec-23,
16-Dec-23,
17-Dec-23,
18-Dec-23,0
19-Dec-23,0
20-Dec-23,7
21-Dec-23,
22-Dec-23,
23-Dec-23,
24-Dec-23,
25-Dec-23,
26-Dec-23,
27-Dec-23,
28-Dec-23,
29-Dec-23,
30-Dec-23,
31-Dec-23,
Date,SumOfSumOfTOTAL
10-Sep-24,0
11-Sep-24,0
12-Sep-24,0
13-Sep-24,
14-Sep-24,
15-Sep-24,
16-Sep-24,0
17-Sep-24,0
18-Sep-24,0
19-Sep-24,
20-Sep-24,
21-Sep-24,
22-Sep-24,
23-Sep-24,0
24-Sep-24,
25-Sep-24,0
26-Sep-24,1
27-Sep-24,
28-Sep-24,
29-Sep-24,
30-Sep-24,0
01-Oct-24,2
02-Oct-24,7
03-Oct-24,
04-Oct-24,
05-Oct-24,
06-Oct-24,
07-Oct-24,3
08-Oct-24,7
09-Oct-24,10
10-Oct-24,
11-Oct-24,
12-Oct-24,
13-Oct-24,
14-Oct-24,
15-Oct-24,4
16-Oct-24,16
17-Oct-24,24
18-Oct-24,
19-Oct-24,
20-Oct-24,
21-Oct-24,
22-Oct-24,9
23-Oct-24,36
24-Oct-24,31
25-Oct-24,STILL IN PROGRESS
,
,
,
,
,
,
,
,
,
,
,
,
,
,
,
,
,
,
,
,
,
,
,
,
,
,
,
,
,
,
,
,
,
,
,
,
,
,
,
,
,
,
,
,
,
,
,
,
,
,
,
,
,
,
,
,
,
,
,
,
,
,
,
,
,
,
,
,
,
,
,
,
,
,
,
,
,
,
,
,
,
,
,
,
,
,
,
,
,
,
,
,
,
,
,
,
,
,
,
,
,
,
,
,
,
,
,
,
,
,
,
,
,
,
,
,
,
,
,
,
,
,
,
,
,
,
,
,
,
,
,
,
,
,
,
,
,
,
,
,
,
,
,
,
,
,
,
,
,
,
,
,
,
,
,
,
,
,
,
,
,
,
,
,
,
,
,
,
,
,
,
,
,
,
,
,
,
,
,
,
,
,
,
,
,
,
,
,
,
,
,
,
,
,
,
,
,
,
,
,
,
,
,
,
,
,
,
,
,
,
,
,
,
,
,
,
,
,
,
,
,
,
,
,
,
,
,
,
,
,
,
,
,
,
,
,
,
,
,
,
,
,
,
,
,
,
,
,
,
,
,
,
,
,
,
,
,
,
,
,
,
,
,
,
,
,
,
,
,
,
,
,
,
,
,
,
,
,
,
,
,
,
,
,
,
,
,
,
,
,
,
,
,
,
,
,
,
,
,
,
,
,
,
,
,
,
,
,
,
,
,
,
,
,
,
,
,
,
,
,
,
,
,
,
,
,
,
,
,
,
,
,
,
,
,
,
,
,
,
,
,
,
,
,
,
,
,
,
,
,
,
,
,
,
,
,
,
,
,
,
,
,
,
,
,
,
,
,
,
,
,
,
,
,
,
,
,
,
,
,
,
,
,
,
,
,
,
,
,
,
,
,
,
,
,
,
,
,
,
,
,
,
,
,
,
,
,
,
,
,
,
,
,
,
,
,
,
,
,
,
,
,
,
,
,
,
,
,
,
,
,
,
,
,
,
,
,
,
,
,
,
,
,
,
,
,
,
,
,
,
,
,
,
,
,
,
,
,
,
,
,
,
,
,
,
,
,
,
,
,
,
,
,
,
,
,
,
,
,
,
,
,
,
,
,
,
,
,
,
,
,
,
,
,
,
,
,
,
,
,
,
,
,
,
,
,
,
,
,
,
,
,
,
,
,
,
,
,
,
,
,
,
,
,
,
,
,
,
,
,
,
,
,
,
,
,
,
,
,
,
,
,
,
,
,
,
,
,
,
,
,
,
,
,
,
,
,
,
,
,
,
,
,
,
,
,
,
,
,
,
,
,
,
,
,
,
,
,
,
,
,
,
,
,
,
,
,
,
,
,
,
,
,
,
,
,
,
,
,
,
,
,
,
,
,
,
,
,
,
,
,
,
,
,
,
,
,
,
,
,
,
,
,
,
,
,
,
,
,
,
,
,
,
,
,
,
,
,
,
,
,
,
,
,
,
,
,
,
,
,
,
,
,
,
,
,
,
,
,
,
,
,
,
,
,
,
,
,
,
,
,
,
,
,
,
,
,
,
,
,
,
,
,
,
,
,
,
,
,
,
,
,
,
,
,
,
,
,
,
,
,
,
,
,
,
,
,
,
,
,
,
,
,
,
,
,
,
,
,
,
,
,
,
,
,
,
,
,
,
,
,
,
,
,
,
,
,
,
,
,
,
,
,
,
,
,
,
,
,
,
,
,
,
,
,
,
,
,
,
,
,
,
,
,
,
,
,
,
,
,
,
,
,
,
,
,
,
,
,
,
,
,
,
,
,
,
,
,
,
,
,
,
,
,
,
,
,
,
,
,
,
,
,
,
,
,
,
,
,
,
,
,
,
,
,
,
,
,
,
,
,
,
,
,
,
,
,
,
,
,
,
,
,
,
,
,
,
,
,
,
,
,
,
,
,
,
,
,
,
,
,
,
,
,
,
,
,
,
,
,
,
,
,
,
,
,
,
,
,
,
,
,
,
,
,
,
,
,
,
,
,
,
,
,
,
,
,
,
,
,
,
,
,
,
,
,
,
,
,
,
,
,
,
,
,
,
,
,
,
,
,
,
,
,
,
,
,
,
,
,
,
,
,
,
,
,
,
,
,
,
,
,
,
,
,
,
,
,
,
,
,
,
,
,
,
,
,
,
,
,
,
,
,
,
,
,
,
,
,
,
,
,
,
,
,
,
,
,
,
,
,
,
,
,
,
,
,
,
,
,
,
,
,
,
,
,
,
,
,
,
,
,
,
,
,
,
,
,
,
,
,
,
,
,
,
,
,
,
,
,
,
,
,
,
,
,
,
,
,
,
,
,
,
,
,
,
,
,
,
,
,
,
,
,
,
,
,
,
,
,
,
,
,
,
,
,
,
,
,
,
,
,
,
,
,
,
,
,
,
,
,
,
,
,
,
,
,
,
,
,
,
,
,
,
,
,
,
,
,
,
,
,
,
,
,
,
,
,
,
,
,
,
,
,
,
,
,
,
,
,
,
,
,
,
,
,
,
,
,
,
,
,
,
,
,
,
,
,
,
,
,
,
,
,
,
,
,
,
,
,
,
,
,
,
,
,
,
,
,
,
,
,
,
,
,
,
,
,
,
,
,
,
,
,
,
,
,
,
,
,
,
,
,
,
,
,
,
,
,
,
,
,
,
,
,
,
,
,
,
,
,
,
,
,
,
,
,
,
,
,
,
,
,
,
,
,
,
,
,
,
,
,
,
,
,
,
,
,
,
,
,
,
,
,
,
,
,
,
,
,
,
,
,
,
,
,
,
,
,
,
,
,
,
,
,
,
,
,
,
,
,
,
,
,
,
,
,
,
,
,
,
,
,
,
,
,
,
,
,
,
,
,
,
,
,
,
,
,
,
,
,
,
,
,
,
,
,
,
,
,
,
,
,
,
,
,
,
,
,
,
,
,
,
,
,
,
,
,
,
,
,
,
,
,
,
,
,
,
,
,
,
,
,
,
,
,
,
,
,
,
,
,
,
,
,
,
,
,
,
,
,
,
,
,
,
,
,
,
,
,
,
,
,
,
,
,
,
,
,
,
,
,
,
,
,
,
,
,
,
,
,
,
,
,
,
,
,
,
,
,
,
,
,
,
,
,
,
,
,
,
,
,
,
,
,
,
,
,
,
,
,
,
,
,
,
,
,
,
,
,
,
,
,
,
,
,
,
,
,
,
,
,
,
,
,
,
,
,
,
,
,
,
,
,
,
,
,
,
,
,
,
,
,
,
,
,
,
,
,
,
,
,
,
,
,
,
,
,
,
,
,
,
,
,
,
,
,
,
,
,
,
,
,
,
,
,
,
,
,
,
,
,
,
,
,
,
,
,
,
,
,
,
,
,
,
,
,
,
,
,
,
,
,
,
,
,
,
,
,
,
,
,
,
,
,
,
,
,
,
,
,
,
,
,
,
,
,
,
,
,
,
,
,
,
,
,
,
,
,
,
,
,
,
,
,
,
,
,
,
,
,
,
,
,
,
,
,
,
,
,
,
,
,
,
,
,
,
,
,
,
,
,
,
,
,
,
,
,
,
,
,
,
,
,
,
,
,
,
,
,
,
,
,
,
,
,
,
,
,
,
,
,
,
,
,
,
,
,
,
,
,
,
,
,
,
,
,
,
,
,
,
,
,
,
,
,
,
,
,
,
,
,
,
,
,
,
,
,
,
,
,
,
,
,
,
,
,
,
,
,
,
,
,
,
,
,
,
,
,
,
,
,
,
,
,
,
,
,
,
,
,
,
,
,
,
,
,
,
,
,
,
,
,
,
,
,
,
,
,
,
,
,
,
,
,
,
,
,
,
,
,
,
,
,
,
,
,
,
,
,
,
,
,
,
,
,
,
,
,
,
,
,
,
,
,
,
,
,
,
,
,
,
,
,
,
,
,
,
,
,
,
,
,
,
,
,
,
,
,
,
,
,
,
,
,
,
,
,
,
,
,
,
,
,
,
,
,
,
,
,
,
,
,
,
,
,
,
,
,
,
,
,
,
,
,
,
,
,
,
,
,
,
,
,
,
,
,
,
,
,
,
,
,
,
,
,
,
,
,
,
,
,
,
,
,
,
,
,
,
,
,
,
,
,
,
,
,
,
,
,
,
,
,
,
,
,
,
,
,
,
,
,
,
,
,
,
,
,
,
,
,
,
,
,
,
,
,
,
,
,
,
,
,
,
,
,
,
,
,
,
,
,
,
,
,
,
,
,
,
,
,
,
,
,
,
,
,
,
,
,
,
,
,
,
,
,
,
,
,
,
,
,
,
,
,
,
,
,
,
,
,
,
,
,
,
,
,
,
,
,
,
,
,
,
,
,
,
,
,
,
,
,
,
,
,
,
,
,
,
,
,
,
,
,
,
,
,
,
,
,
,
,
,
,
,
,
,
,
,
,
,
,
,
,
,
,
,
,
,
,
,
,
,
,
,
,
,
,
,
,
,
,
,
,
,
,
,
,
,
,
,
,
,
,
,
,
,
,
,
,
,
,
,
,
,
,
,
,
,
,
,
,
,
,
,
,
,
,
,
,
,
,
,
,
,
,
,
,
,
,
,
,
,
,
,
,
,
,
,
,
,
,
,
,
,
,
,
,
,
,
,
,
,
,
,
,
,
,
,
,
,
,
,
,
,
,
,
,
,
,
,
,
,
,
,
,
,
,
,
,
,
,
,
,
,
,
,
,
,
,
,
,
,
,
,
,
,
,
,
,
,
,
,
,
,
,
,
,
,
,
,
,
,
,
,
,
,
,
,
,
,
,
,
,
,
,
,
,
,
,
,
,
,
,
,
,
,
,
,
,
,
,
,
,
,
,
,
,
,
,
,
,
,
,
,
,
,
,
,
,
,
,
,
,
,
,
,
,
,
,
,
,
,
,
,
,
,
,
,
,
,
,
,
,
,
,
,
,
,
,
,
,
,
,
,
,
,
,
,
,
,
,
,
,
,
,
,
,
,
,
,
,
,
,
,
,
,
,
,
,
,
,
,
,
,
,
,
,
,
,
,
,
,
,
,
,
,
,
,
,
,
,
,
,
,
,
,
,
,
,
,
,
,
,
,
,
,
,
,
,
,
,
,
,
,
,
,
,
,
,
,
,
,
,
,
,
,
,
,
,
,
,
,
,
,
,
,
,
,
,
,
,
,
,
,
,
,
,
,
,
,
,
,
,
,
,
,
,
,
,
,
,
,
,
,
,
,
,
,
,
,
,
,
,
,
,
,
,
,
,
,
,
,
,
,
,
,
,
,
,
,
,
,
,
,
,
,
,
,
,
,
,
,
,
,
,
,
,
,
,
,
,
,
,
,
,
,
,
,
,
,
,
,
,
,
,
,
,
,
,
,
,
,
,
,
,
,
,
,
,
,
,
,
,
,
,
,
,
,
,
,
,
,
,
,
,
,
,
,
,
,
,
,
,
,
,
,
,
,
,
,
,
,
,
,
,
,
,
,
,
,
,
,
,
,
,
,
,
,
,
,
,
,
,
,
,
,
,
,
,
,
,
,
,
,
,
,
,
,
,
,
,
,
,
,
,
,
,
,
,
,
,
,
,
,
,
,
,
,
,
,
,
,
,
,
,
,
,
,
,
,
,
,
,
,
,
,
,
,
,
,
,
,
,
,
,
,
,
,
,
,
,
,
,
,
,
,
,
,
,
,
,
,
,
,
,
,
,
,
,
,
,
,
,
,
,
,
,
,
,
,
,
,
,
,
,
,
,
,
,
,
,
,
,
,
,
,
,
,
,
,
,
,
,
,
,
,
,
,
,
,
,
,
,
,
,
,
,
,
,
,
,
,
,
,
,
,
,
,
,
,
,
,
,
,
,
,
,
,
,
,
,
,
,
,
,
,
,
,
,
,
,
,
,
,
,
,
,
,
,
,
,
,
,
,
,
,
,
,
,
,
,
,
,
,
,
,
,
,
,
,
,
,
,
,
,
,
,
,
,
,
,
,
,
,
,
,
,
,
,
,
,
,
,
,
,
,
,
,
,
,
,
,
,
,
,
,
,
,
,
,
,
,
,
,
,
,
,
,
,
,
,
,
,
,
,
,
,
,
,
,
,
,
,
,
,
,
,
,
,
,
,
,
,
,
,
,
,
,
,
,
,
,
,
,
,
,
,
,
,
,
,
,
,
,
,
,
,
,
,
,
,
,
,
,
,
,
,
,
,
,
,
,
,
,
,
,
,
,
,
,
,
,
,
,
,
,
,
,
,
,
,
,
,
,
,
,
,
,
,
,
,
,
,
,
,
,
,
,
,
,
,
,
,
,
,
,
,
,
,
,
,
,
,
,
,
,
,
,
,
,
,
,
,
,
,
,
,
,
,
,
,
,
,
,
,
,
,
,
,
,
,
,
,
,
,
,
,
,
,
,
,
,
,
,
,
,
,
,
,
,
,
,
,
,
,
,
,
,
,
,
,
,
,
,
,
,
,
,
,
,
,
,
,
,
,
,
,
,
,
,
,
,
,
,
,
,
,
,
,
,
,
,
,
,
,
,
,
,
,
,
,
,
,
,
,
,
,
,
,
,
,
,
,
,
,
,
,
,
,
,
,
,
,
,
,
,
,
,
,
,
,
,
,
,
,
,
,
,
,
,
,
,
,
,
,
,
,
,
,
,
,
,
,
,
,
,
,
,
,
,
,
,
,
,
,
,
,
,
,
,
,
,
,
,
,
,
,
,
,
,
,
,
,
,
,
,
,
,
,
,
,
,
,
,
,
,
,
,
,
,
,
,
,
,
,
,
,
,
,
,
,
,
,
,
,
,
,
,
,
,
,
,
,
,
,
,
,
,
,
,
,
,
,
,
,
,
,
,
,
,
,
,
,
,
,
,
,
,
,
,
,
,
,
,
,
,
,
,
,
,
,
,
,
,
,
,
,
,
,
,
,
,
,
,
,
,
,
,
,
,
,
,
,
,
,
,
,
,
,
,
,
,
,
,
,
,
,
,
,
,
,
,
,
,
,
,
,
,
,
,
,
,
,
,
,
,
,
,
,
,
,
,
,
,
,
,
,
,
,
,
,
,
,
,
,
,
,
,
,
,
,
,
,
,
,
,
,
,
,
,
,
,
,
,
,
,
,
,
,
,
,
,
,
,
,
,
,
,
,
,
,
,
,
,
,
,
,
,
,
,
,
,
,
,
,
,
,
,
,
,
,
,
,
,
,
,
,
,
,
,
,
,
,
,
,
,
,
,
,
,
,
,
,
,
,
,
,
,
,
,
,
,
,
,
,
,
,
,
,
,
,
,
,
,
,
,
,
,
,
,
,
,
,
,
,
,
,
,
,
,
,
,
,
,
,
,
,
,
,
,
,
,
,
,
,
,
,
,
,
,
,
,
,
,
,
,
,
,
,
,
,
,
,
,
,
,
,
,
,
,
,
,
,
,
,
,
,
,
,
,
,
,
,
,
,
,
,
,
,
,
,
,
,
,
,
,
,
,
,
,
,
,
,
,
,
,
,
,
,
,
,
,
,
,
,
,
,
,
,
,
,
,
,
,
,
,
,
,
,
,
,
,
,
,
,
,
,
,
,
,
,
,
,
,
,
,
,
,
,
,
,
,
,
,
,
,
,
,
,
,
,
,
,
,
,
,
,
,
,
,
,
,
,
,
,
,
,
,
,
,
,
,
,
,
,
,
,
,
,
,
,
,
,
,
,
,
,
,
,
,
,
,
,
,
,
,
,
,
,
,
,
,
,
,
,
,
,
,
,
,
,
,
,
,
,
,
,
,
,
,
,
,
,
,
,
,
,
,
,
,
,
,
,
,
,
,
,
,
,
,
,
,
,
,
,
,
,
,
,
,
,
,
,
,
,
,
,
,
,
,
,
,
,
,
,
,
,
,
,
,
,
,
,
,
,
,
,
,
,
,
,
,
,
,
,
,
,
,
,
,
,
,
,
,
,
,
,
,
,
,
,
,
,
,
,
,
,
,
,
,
,
,
,
,
,
,
,
,
,
,
,
,
,
,
,
,
,
,
,
,
,
,
,
,
,
,
,
,
,
,
,
,
,
,
,
,
,
,
,
,
,
,
,
,
,
,
,
,
,
,
,
,
,
,
,
,
,
,
,
,
,
,
,
,
,
,
,
,
,
,
,
,
,
,
,
,
,
,
,
,
,
,
,
,
,
,
,
,
,
,
,
,
,
,
,
,
,
,
,
,
,
,
,
,
,
,
,
,
,
,
,
,
,
,
,
,
,
,
,
,
,
,
,
,
,
,
,
,
,
,
,
,
,
,
,
,
,
,
,
,
,
,
,
,
,
,
,
,
,
,
,
,
,
,
,
,
,
,
,
,
,
,
,
,
,
,
,
,
,
,
,
,
,
,
,
,
,
,
,
,
,
,
,
,
,
,
,
,
,
,
,
,
,
,
,
,
,
,
,
,
,
,
,
,
,
,
,
,
,
,
,
,
,
,
,
,
,
,
,
,
,
,
,
,
,
,
,
,
,
,
,
,
,
,
,
,
,
,
,
,
,
,
,
,
,
,
,
,
,
,
,
,
,
,
,
,
,
,
,
,
,
,
,
,
,
,
,
,
,
,
,
,
,
,
,
,
,
,
,
,
,
,
,
,
,
,
,
,
,
,
,
,
,
,
,
,
,
,
,
,
,
,
,
,
,
,
,
,
,
,
,
,
,
,
,
,
,
,
,
,
,
,
,
,
,
,
,
,
,
,
,
,
,
,
,
,
,
,
,
,
,
,
,
,
,
,
,
,
,
,
,
,
,
,
,
,
,
,
,
,
,
,
,
,
,
,
,
,
,
,
,
,
,
,
,
,
,
,
,
,
,
,
,
,
,
,
,
,
,
,
,
,
,
,
,
,
,
,
,
,
,
,
,
,
,
,
,
,
,
,
,
,
,
,
,
,
,
,
,
,
,
,
,
,
,
,
,
,
,
,
,
,
,
,
,
,
,
,
,
,
,
,
,
,
,
,
,
,
,
,
,
,
,
,
,
,
,
,
,
,
,
,
,
,
,
,
,
,
,
,
,
,
,
,
,
,
,
,
,
,
,
,
,
,
,
,
,
,
,
,
,
,
,
,
,
,
,
,
,
,
,
,
,
,
,
,
,
,
,
,
,
,
,
,
,
,
,
,
,
,
,
,
,
,
,
,
,
,
,
,
,
,
,
,
,
,
,
,
,
,
,
,
,
,
,
,
,
,
,
,
,
,
,
,
,
,
,
,
,
,
,
,
,
,
,
,
,
,
,
,
,
,
,
,
,
,
,
,
,
,
,
,
,
,
,
,
,
,
,
,
,
,
,
,
,
,
,
,
,
,
,
,
,
,
,
,
,
,
,
,
,
,
,
,
,
,
,
,
,
,
,
,
,
,
,
,
,
,
,
,
,
,
,
,
,
,
,
,
,
,
,
,
,
